id,conversation_id,created_at,date,time,timezone,user_id,username,name,place,tweet,language,mentions,urls,photos,replies_count,retweets_count,likes_count,hashtags,cashtags,link,retweet,quote_url,video,thumbnail,near,geo,source,user_rt_id,user_rt,retweet_id,reply_to,retweet_date,translate,trans_src,trans_dest
1333498040863379457,1333182482548748288,2020-11-30 16:48:02 -03,2020-11-30,16:48:02,-0300,18048666,brunocovas,Bruno Covas,,@igor_3k Dia 12 (s√°bado). Topa?,es,[],[],[],27,6,469,[],[],https://twitter.com/brunocovas/status/1333498040863379457,False,,0,,,,,,,,"[{'screen_name': 'igor_3k', 'name': 'igor baforada braba', 'id': '2779094552'}]",,,,
1333221650146463744,1333221650146463744,2020-11-29 22:29:46 -03,2020-11-29,22:29:46,-0300,18048666,brunocovas,Bruno Covas,,"Obrigado, S√£o Paulo! Foram mais de 3,1 milh√µes de votos que nos enchem de esperan√ßa. √â hora de transformar diferen√ßas em solu√ß√µes de consenso, hora de governar para todos. Com for√ßa, foco e f√©! #TodosPorS√£oPaulo",pt,[],[],[],3662,179,6701,['todospors√£opaulo'],[],https://twitter.com/brunocovas/status/1333221650146463744,False,,0,,,,,,,,[],,,,
1333179199159406596,1333179199159406596,2020-11-29 19:41:05 -03,2020-11-29,19:41:05,-0300,18048666,brunocovas,Bruno Covas,,Coletiva Bruno Covas #todosporsaopaulo   https://t.co/SLdRGaJzjn,pt,[],['https://twitter.com/i/broadcasts/1YqxoyqEvzBGv'],[],322,57,525,['todosporsaopaulo'],[],https://twitter.com/brunocovas/status/1333179199159406596,False,,0,,,,,,,,[],,,,
1332880262947074049,1332880262947074049,2020-11-28 23:53:13 -03,2020-11-28,23:53:13,-0300,18048666,brunocovas,Bruno Covas,,Vote 45. #todosporsaopaulo,fr,[],[],[],1147,162,2406,['todosporsaopaulo'],[],https://twitter.com/brunocovas/status/1332880262947074049,False,,0,,,,,,,,[],,,,
1332879371674284033,1332879371674284033,2020-11-28 23:49:40 -03,2020-11-28,23:49:40,-0300,18048666,brunocovas,Bruno Covas,,"Durante toda a campanha, nos preocupamos com a verdade, n√£o com palavras bonitas. Nos preocupamos em mostrar, de forma transparente, aquilo que fizemos e o que ainda vamos fazer por S√£o Paulo. O momento √© de uni√£o. Vamos √†s urnas defender a nossa cidade. Juntos. #todosporsaopaulo",pt,[],[],[],186,41,712,['todosporsaopaulo'],[],https://twitter.com/brunocovas/status/1332879371674284033,False,,0,,,,,,,,[],,,,
1332829673034747904,1332829673034747904,2020-11-28 20:32:11 -03,2020-11-28,20:32:11,-0300,18048666,brunocovas,Bruno Covas,,"Mais uma vez as pesquisas mostram que estamos √† frente. Nosso compromisso e nossa experi√™ncia com a popula√ß√£o est√£o sendo reconhecidos. Amanh√£, juntos, venceremos! #TodosPorS√£oPaulo Vote 45!  https://t.co/6l6ZkfanI2",pt,[],[],['https://pbs.twimg.com/media/En8phizXcAIpBqc.jpg'],119,42,607,['todospors√£opaulo'],[],https://twitter.com/brunocovas/status/1332829673034747904,False,,1,https://pbs.twimg.com/media/En8phizXcAIpBqc.jpg,,,,,,,[],,,,
1332815878497374213,1332815878497374213,2020-11-28 19:37:22 -03,2020-11-28,19:37:22,-0300,18048666,brunocovas,Bruno Covas,,"Nossa campanha foi feita de forma transparente. Sem artista famoso, pol√≠tico antigo, sem agress√µes. Falando a verdade, olho no olho. A minha alian√ßa √© com voc√™. Com a popula√ß√£o. Agora √© momento de uni√£o. A experi√™ncia e a esperan√ßa v√£o vencer. Vamos juntos. Todos por S√£o Paulo",pt,[],[],[],2682,183,2799,[],[],https://twitter.com/brunocovas/status/1332815878497374213,False,,0,,,,,,,,[],,,,
1332811032142761984,1332811032142761984,2020-11-28 19:18:07 -03,2020-11-28,19:18:07,-0300,18048666,brunocovas,Bruno Covas,,"""O candidato Guilherme Boulos √© meu advers√°rio, n√£o √© meu inimigo. As pessoas precisam perceber que na democracia a gente precisa respeitar quem pensa diferente da gente"".  Veja mais em:  https://t.co/O93TE2TtEf",pt,[],['https://noticias.uol.com.br/eleicoes/2020/11/28/em-campanha-contra-abstencao-bruno-covas-visita-eleitorado-mais-velho.htm?cmpid=copiaecola'],[],59,49,634,[],[],https://twitter.com/brunocovas/status/1332811032142761984,False,,0,,,,,,,,[],,,,
1332791539639128073,1332791539639128073,2020-11-28 18:00:39 -03,2020-11-28,18:00:39,-0300,18048666,brunocovas,Bruno Covas,,Amanh√£ vamos √†s urnas decidir o futuro da nossa cidade. A experi√™ncia nunca se fez t√£o necess√°ria para enfrentar os desafios de agora e do p√≥s-pandemia. Nossa grande miss√£o √© reduzir a desigualdade social e promover mais oportunidades para todos.,pt,[],[],[],548,78,1299,[],[],https://twitter.com/brunocovas/status/1332791539639128073,False,,0,,,,,,,,[],,,,
1332411301436534786,1332411301436534786,2020-11-27 16:49:43 -03,2020-11-27,16:49:43,-0300,18048666,brunocovas,Bruno Covas,,"Acabamos de receber a not√≠cia que @GuilhermeBoulos testou positivo para Covid-19. Pelo que fomos informados, est√° sem sintomas. Desejamos pronta recupera√ß√£o ao candidato.",pt,"[{'screen_name': 'guilhermeboulos', 'name': 'guilherme boulos 50', 'id': '762402774260875265'}]",[],[],1042,193,14254,[],[],https://twitter.com/brunocovas/status/1332411301436534786,False,,0,,,,,,,,[],,,,
1332089742150799377,1332089742150799377,2020-11-26 19:31:58 -03,2020-11-26,19:31:58,-0300,18048666,brunocovas,Bruno Covas,,Justi√ßa Eleitoral condena Guilherme Boulos e concede ao Prefeito Bruno Covas direito de resposta. O eleitor merece saber a verdade.  https://t.co/ZtdcBTJeiv,pt,[],[],[],428,147,906,[],[],https://twitter.com/brunocovas/status/1332089742150799377,False,,1,https://pbs.twimg.com/ext_tw_video_thumb/1332089691261251586/pu/img/VCVAwBTtfN52wcYk.jpg,,,,,,,[],,,,
1331591058883555329,1331591058883555329,2020-11-25 10:30:22 -03,2020-11-25,10:30:22,-0300,18048666,brunocovas,Bruno Covas,,"Um dos legados mais importantes da pandemia √© a valoriza√ß√£o da ci√™ncia. √â fundamental apoiar e investir em institui√ß√µes como a @AgenciaFAPESP, patrim√¥nio do Brasil e de S√£o Paulo..",pt,"[{'screen_name': 'agenciafapesp', 'name': 'ag√™ncia fapesp', 'id': '42399225'}]",[],[],195,42,679,[],[],https://twitter.com/brunocovas/status/1331591058883555329,False,,0,,,,,,,,[],,,,
1331398445345763331,1331398445345763331,2020-11-24 21:45:00 -03,2020-11-24,21:45:00,-0300,18048666,brunocovas,Bruno Covas,,"O momento requer uni√£o. S√£o nossas diferen√ßas que nos fazem √∫nicos, nos fazem fortes. √â hora de agir e reagir. Vamos defender a nossa cidade. Estamos unidos para fazer hist√≥ria, para moldar o presente e construir o futuro. Vamos juntos, todos por S√£o Paulo!",pt,[],[],[],378,69,1086,[],[],https://twitter.com/brunocovas/status/1331398445345763331,False,,0,,,,,,,,[],,,,
1331383345935093762,1331383345935093762,2020-11-24 20:45:00 -03,2020-11-24,20:45:00,-0300,18048666,brunocovas,Bruno Covas,,"Quando assumimos a Prefeitura, o tempo m√©dio de espera para um tapa-buraco era de 100 dias. Hoje, o prazo caiu para cerca de 10 dias. Em parceria com as Subprefeituras, seguiremos investindo em zeladoria. Cuidar de S√£o Paulo √© a nossa miss√£o.",pt,[],[],[],199,48,732,[],[],https://twitter.com/brunocovas/status/1331383345935093762,False,,0,,,,,,,,[],,,,
1331081454558851074,1331081454558851074,2020-11-24 00:45:23 -03,2020-11-24,00:45:23,-0300,18048666,brunocovas,Bruno Covas,,"Vamos continuar trabalhando por e para S√£o Paulo. Nosso objetivo √© dar mais qualidade de vida e oportunidade para toda a popula√ß√£o. Com for√ßa, foco e f√©, continuaremos avan√ßando. Vote 45! #todosporsaopaulo  https://t.co/Rc7ZZ9qvf3",pt,[],[],['https://pbs.twimg.com/media/EnjzhX6XMAEaemt.jpg'],131,16,280,['todosporsaopaulo'],[],https://twitter.com/brunocovas/status/1331081454558851074,False,,1,https://pbs.twimg.com/media/EnjzhX6XMAEaemt.jpg,,,,,,,[],,,,
1331069447931629569,1331069447931629569,2020-11-23 23:57:41 -03,2020-11-23,23:57:41,-0300,18048666,brunocovas,Bruno Covas,,"""Eu fico muito feliz de tudo o que realizamos. Mas eu n√£o estou satisfeito. √â preciso fazer mais na cidade. Por isso, no pr√≥ximo domingo, vote 45. Vote com a consci√™ncia tranquila. N√≥s vamos continuar a fazer o melhor pela cidade de S√£o Paulo.""#RodaViva #QuemComparaVotaCOVAS",pt,[],[],[],80,12,297,"['rodaviva', 'quemcomparavotacovas']",[],https://twitter.com/brunocovas/status/1331069447931629569,False,,0,,,,,,,,[],,,,
1331068924591529986,1331068924591529986,2020-11-23 23:55:36 -03,2020-11-23,23:55:36,-0300,18048666,brunocovas,Bruno Covas,,"‚ÄúHoje voc√™ teve a oportunidade de poder comparar quem j√° fez por S√£o Paulo e quem est√° preso no radicalismo ideol√≥gico. Eu pude falar um pouco das a√ß√µes que n√≥s realizamos de combate ao racismo, de amplia√ß√£o das vagas em creche, de combate a pandemia do coronav√≠rus."" #RodaViva",pt,[],[],[],99,33,475,['rodaviva'],[],https://twitter.com/brunocovas/status/1331068924591529986,False,,0,,,,,,,,[],,,,
1331062832583028742,1331062832583028742,2020-11-23 23:31:23 -03,2020-11-23,23:31:23,-0300,18048666,brunocovas,Bruno Covas,,"‚ÄúN√£o tem mais sentido pensar que todo servi√ßo p√∫blico precisa ser prestado pela Prefeitura. Poder fazer conv√™nio com essas entidades, seja na √°rea da assist√™ncia, da cultura, da educa√ß√£o, do esporte e da sa√∫de, √© fundamental para a gente ter servi√ßos de boa qualidade.‚Äù #RodaViva",pt,[],[],[],45,24,235,['rodaviva'],[],https://twitter.com/brunocovas/status/1331062832583028742,False,,0,,,,,,,,[],,,,
1331061582563045381,1331061582563045381,2020-11-23 23:26:25 -03,2020-11-23,23:26:25,-0300,18048666,brunocovas,Bruno Covas,,‚ÄúMinha sa√∫de √© tratada com 100% de transpar√™ncia. Fa√ßo sess√µes de imunoterapia a cada 3 semanas. Os m√©dicos est√£o muito animados com os resultados. Estou liberado para continuar trabalhando.‚Äù #RodaViva #QuemComparaVotaCovas,pt,[],[],[],89,48,811,"['rodaviva', 'quemcomparavotacovas']",[],https://twitter.com/brunocovas/status/1331061582563045381,False,,0,,,,,,,,[],,,,
1331061365897895937,1331057936530100225,2020-11-23 23:25:34 -03,2020-11-23,23:25:34,-0300,18048666,brunocovas,Bruno Covas,,"@orlandosilva Orlando, semana que vem vamos fazer uma reuni√£o na Prefeitura para tratarmos do tema. Topa?",pt,[],[],[],28,7,196,[],[],https://twitter.com/brunocovas/status/1331061365897895937,False,,0,,,,,,,,"[{'screen_name': 'orlandosilva', 'name': 'Orlando Silva 65', 'id': '304092926'}]",,,,
1331058101496270848,1331058101496270848,2020-11-23 23:12:35 -03,2020-11-23,23:12:35,-0300,18048666,brunocovas,Bruno Covas,,"‚ÄúEm rela√ß√£o √†s ciclovias, eram 500 km. At√© o fim do ano a gente requalifica 310 desses 500 km e vamos acrescentar 173,5 km. Ent√£o, pelos pr√≥ximos 4 anos, a gente projeta mais 300 km de ciclovias na cidade de S√£o Paulo.‚Äù #RodaViva #QuemComparaVotaCovas",pt,[],[],[],52,17,175,"['rodaviva', 'quemcomparavotacovas']",[],https://twitter.com/brunocovas/status/1331058101496270848,False,,0,,,,,,,,[],,,,
1331056904416751616,1331056904416751616,2020-11-23 23:07:50 -03,2020-11-23,23:07:50,-0300,18048666,brunocovas,Bruno Covas,,"‚ÄúO problema do pa√≠s √© reconhecer pol√≠tica p√∫blica s√≥ de 4 em 4 anos. √â preciso reconhecer as boas iniciativas de gest√µes passadas e poder ampliar quando isso √© bom para a popula√ß√£o, independente do nome.‚Äù #RodaViva #QuemComparaVotaCovas",pt,[],[],[],57,25,277,"['rodaviva', 'quemcomparavotacovas']",[],https://twitter.com/brunocovas/status/1331056904416751616,False,,0,,,,,,,,[],,,,
1331048247725535235,1331048245364199426,2020-11-23 22:33:26 -03,2020-11-23,22:33:26,-0300,18048666,brunocovas,Bruno Covas,,"Surtiu efeito, s√≥ que o sacrif√≠cio que a popula√ß√£o fez foi muito alto, a gente reconhece isso.‚Äù #RodaViva #QuemComparaVotaCovas",pt,[],[],[],20,11,114,"['rodaviva', 'quemcomparavotacovas']",[],https://twitter.com/brunocovas/status/1331048247725535235,False,,0,,,,,,,,[],,,,
1331048246572163072,1331048245364199426,2020-11-23 22:33:26 -03,2020-11-23,22:33:26,-0300,18048666,brunocovas,Bruno Covas,,"E naquele per√≠odo, entre 11 e 15 de maio, ele n√£o apenas deixou de cair, como cresceu na cidade. Isso foi importante, porque reduziu a quantidade de √≥bitos. +",pt,[],[],[],11,10,106,[],[],https://twitter.com/brunocovas/status/1331048246572163072,False,,0,,,,,,,,[],,,,
1331048245364199426,1331048245364199426,2020-11-23 22:33:26 -03,2020-11-23,22:33:26,-0300,18048666,brunocovas,Bruno Covas,,"‚ÄúN√£o √© verdade que o rod√≠zio n√£o surgiu efeito com rela√ß√£o ao isolamento. Pelo contr√°rio, o isolamento come√ßou muito alto no final de mar√ßo e foi caindo durante o m√™s de abril. +",pt,[],[],[],35,17,182,[],[],https://twitter.com/brunocovas/status/1331048245364199426,False,,0,,,,,,,,[],,,,
1331045986366611457,1331045986366611457,2020-11-23 22:24:27 -03,2020-11-23,22:24:27,-0300,18048666,brunocovas,Bruno Covas,,‚ÄúAs aulas ser√£o liberadas quando a Vigil√¢ncia Sanit√°ria disser que √© seguro. Sou respons√°vel por 12 milh√µes de vidas na cidade de S√£o Paulo.‚Äù #RodaViva #QuemComparaVotaCovas,pt,[],[],[],137,34,579,"['rodaviva', 'quemcomparavotacovas']",[],https://twitter.com/brunocovas/status/1331045986366611457,False,,0,,,,,,,,[],,,,
1331045052919975937,1331045051728875520,2020-11-23 22:20:44 -03,2020-11-23,22:20:44,-0300,18048666,brunocovas,Bruno Covas,,"Tenho total disposi√ß√£o para poder tornar p√∫blicos, que na verdade j√° s√£o, os contratos que volta e meia s√£o considerados suspeitos.‚Äù #RodaViva #QuemComparaVotaCovas",pt,[],[],[],16,12,134,"['rodaviva', 'quemcomparavotacovas']",[],https://twitter.com/brunocovas/status/1331045052919975937,False,,0,,,,,,,,[],,,,
1331045051728875520,1331045051728875520,2020-11-23 22:20:44 -03,2020-11-23,22:20:44,-0300,18048666,brunocovas,Bruno Covas,,"‚ÄúEu n√£o tenho rabo preso com ningu√©m. Portanto, eu n√£o tenho nenhum medo de investiga√ß√£o, seja ela feita pela estrutura A, B ou C. +",pt,[],[],[],61,20,394,[],[],https://twitter.com/brunocovas/status/1331045051728875520,False,,0,,,,,,,,[],,,,
1331044451062525952,1331044451062525952,2020-11-23 22:18:21 -03,2020-11-23,22:18:21,-0300,18048666,brunocovas,Bruno Covas,,"""Pandemia atingiu sobretudo a popula√ß√£o preta e parda. √â preciso discutir o racismo estrutural e adotar pol√≠ticas p√∫blicas para o seu combate. N√£o √© tema de direita ou de esquerda. √â um tema progressista"". #RodaViva #QuemComparaVotaCovas",pt,[],[],[],52,25,205,"['rodaviva', 'quemcomparavotacovas']",[],https://twitter.com/brunocovas/status/1331044451062525952,False,,0,,,,,,,,[],,,,
1330658570233282563,1330658570233282563,2020-11-22 20:45:00 -03,2020-11-22,20:45:00,-0300,18048666,brunocovas,Bruno Covas,,"O momento de crise requer uni√£o e trabalho conjunto. Aqui em S√£o Paulo, n√≥s colocamos todos os CATEs √† disposi√ß√£o da popula√ß√£o para ajudar as pessoas se cadastrarem e assim receberem o aux√≠lio emergencial. Pouco importa de quem √© a iniciativa. O importante √© o trabalho conjunto.",pt,[],[],[],87,25,355,[],[],https://twitter.com/brunocovas/status/1330658570233282563,False,,0,,,,,,,,[],,,,
1330628371118690306,1330628371118690306,2020-11-22 18:45:00 -03,2020-11-22,18:45:00,-0300,18048666,brunocovas,Bruno Covas,,"A experi√™ncia faz toda a diferen√ßa para conhecer a realidade das pessoas, da cidade. N√£o adianta ser engenheiro de obra pronta. √â necess√°rio encarar a realidade como ela √©. Com transpar√™ncia e efici√™ncia. Juntos, com for√ßa, foco e f√©. Todos por S√£o Paulo.",pt,[],[],[],172,53,760,[],[],https://twitter.com/brunocovas/status/1330628371118690306,False,,0,,,,,,,,[],,,,
1330613271624380416,1330613271624380416,2020-11-22 17:45:00 -03,2020-11-22,17:45:00,-0300,18048666,brunocovas,Bruno Covas,,"Vote. Seu voto tra√ßar√° o destino de S√£o Paulo pelos pr√≥ximos 4 anos. Quem compara, vota Covas. #todosporsaopaulo  https://t.co/ofYeApJfYL",pt,[],[],[],72,30,333,['todosporsaopaulo'],[],https://twitter.com/brunocovas/status/1330613271624380416,False,,1,https://pbs.twimg.com/ext_tw_video_thumb/1330594721509552129/pu/img/slnWBaherxVW-71c.jpg,,,,,,,[],,,,
1330319362432110593,1330319362432110593,2020-11-21 22:17:06 -03,2020-11-21,22:17:06,-0300,18048666,brunocovas,Bruno Covas,,"Sr. @GeneralMourao, vice-presidente do Brasil, lamento sua fala. O racismo EXISTE no Brasil, √© estrutural e milh√µes de brasileiros s√£o afetados diariamente por isso. #VidasNegrasImportam",pt,"[{'screen_name': 'generalmourao', 'name': 'general hamilton mour√£o', 'id': '1058819604741525510'}]",[],[],2257,137,2880,['vidasnegrasimportam'],[],https://twitter.com/brunocovas/status/1330319362432110593,False,,0,,,,,,,,[],,,,
1330290360405417994,1330290359390318601,2020-11-21 20:21:52 -03,2020-11-21,20:21:52,-0300,18048666,brunocovas,Bruno Covas,,"No link abaixo, voc√™ pode ver todos os boletins di√°rios da Vigil√¢ncia Sanit√°ria Municipal. Desacreditar os dados p√∫blicos significa enfraquecer o SUS.   https://t.co/VXmUXD3M77",pt,[],['https://www.prefeitura.sp.gov.br/cidade/secretarias/saude/vigilancia_em_saude/doencas_e_agravos/coronavirus/index.php?p=295572'],[],23,25,388,[],[],https://twitter.com/brunocovas/status/1330290360405417994,False,,0,,,,,,,,[],,,,
1330290359390318601,1330290359390318601,2020-11-21 20:21:51 -03,2020-11-21,20:21:51,-0300,18048666,brunocovas,Bruno Covas,,"Pe√ßo a voc√™, @guilhermeboulos que n√£o politize a crise sanit√°ria. O combate a COVID-19 exige uni√£o de todos e total transpar√™ncia.",pt,"[{'screen_name': 'guilhermeboulos', 'name': 'guilherme boulos 50', 'id': '762402774260875265'}]",[],[],292,93,1522,[],[],https://twitter.com/brunocovas/status/1330290359390318601,False,,0,,,,,,,,[],,,,
1330289015661191180,1330265191498575872,2020-11-21 20:16:31 -03,2020-11-21,20:16:31,-0300,18048666,brunocovas,Bruno Covas,,"@GuilhermeBoulos No link abaixo, voc√™ pode ver todos os boletins di√°rios da Vigil√¢ncia Sanit√°ria Municipal. Desacreditar os dados p√∫blicos significa enfraquecer o SUS.  https://t.co/VXmUXD3M77",pt,[],['https://www.prefeitura.sp.gov.br/cidade/secretarias/saude/vigilancia_em_saude/doencas_e_agravos/coronavirus/index.php?p=295572'],[],21,16,120,[],[],https://twitter.com/brunocovas/status/1330289015661191180,False,,0,,,,,,,,"[{'screen_name': 'GuilhermeBoulos', 'name': 'Guilherme Boulos 50', 'id': '762402774260875265'}]",,,,
1330288983239237632,1330265191498575872,2020-11-21 20:16:23 -03,2020-11-21,20:16:23,-0300,18048666,brunocovas,Bruno Covas,,"@GuilhermeBoulos Pe√ßo a voc√™, @guilhermeboulos que n√£o politize a crise sanit√°ria. O combate a COVID-19 exige uni√£o de todos e total transpar√™ncia.",pt,"[{'screen_name': 'guilhermeboulos', 'name': 'guilherme boulos 50', 'id': '762402774260875265'}]",[],[],55,24,192,[],[],https://twitter.com/brunocovas/status/1330288983239237632,False,,0,,,,,,,,"[{'screen_name': 'GuilhermeBoulos', 'name': 'Guilherme Boulos 50', 'id': '762402774260875265'}]",,,,
1330235784255791104,1330235784255791104,2020-11-21 16:45:00 -03,2020-11-21,16:45:00,-0300,18048666,brunocovas,Bruno Covas,,"Tenho certeza que a esperan√ßa est√° com a popula√ß√£o. E ela vencer√° no final. A nossa for√ßa reside em estarmos juntos, em caminharmos juntos. Agora, somos todos por S√£o Paulo.",pt,[],[],[],149,40,650,[],[],https://twitter.com/brunocovas/status/1330235784255791104,False,,0,,,,,,,,[],,,,
1330194793545289728,1330194793545289728,2020-11-21 14:02:07 -03,2020-11-21,14:02:07,-0300,18048666,brunocovas,Bruno Covas,,"N√≥s assumimos um compromisso pela cidadania e direitos humanos voltados a comunidade LGBTI+. O respeito √† diversidade e √† igualdade de g√™nero e o combate a qualquer tipo de preconceito fazem parte do nosso programa de governo. Juntos, todos por S√£o Paulo  https://t.co/fdySscKyvQ",pt,[],[],"['https://pbs.twimg.com/media/EnXNDH0XEAQPvsz.jpg', 'https://pbs.twimg.com/media/EnXNDHzW4AYlvCG.jpg', 'https://pbs.twimg.com/media/EnXNDHzWEAsvaxD.jpg', 'https://pbs.twimg.com/media/EnXNDH0XIAcumyR.jpg']",92,39,383,[],[],https://twitter.com/brunocovas/status/1330194793545289728,False,,1,https://pbs.twimg.com/media/EnXNDH0XEAQPvsz.jpg,,,,,,,[],,,,
1329933794435018752,1329933794435018752,2020-11-20 20:45:00 -03,2020-11-20,20:45:00,-0300,18048666,brunocovas,Bruno Covas,,"Os 12 novos CEUs inaugurados neste ano, ganharam nomes de personalidades negros e negras da nossa hist√≥ria brasileira, como da escritora Carolina de Jesus e do cantor Luiz Melodia. Temos que resgatar nossa hist√≥ria para nos conscientizar",pt,[],[],[],71,25,347,[],[],https://twitter.com/brunocovas/status/1329933794435018752,False,,0,,,,,,,,[],,,,
1329918694986805248,1329918694986805248,2020-11-20 19:45:00 -03,2020-11-20,19:45:00,-0300,18048666,brunocovas,Bruno Covas,,"√â importante fazermos o combate ao racismo estrutural que existe no Brasil. O resgate e compreens√£o da hist√≥ria do negro s√£o o in√≠cio da conscientiza√ß√£o. Neste dia 20 de novembro, √© importante refletir por onde caminhamos e onde queremos chegar.",pt,[],[],[],56,23,339,[],[],https://twitter.com/brunocovas/status/1329918694986805248,False,,0,,,,,,,,[],,,,
1329763225777414144,1329763225777414144,2020-11-20 09:27:13 -03,2020-11-20,09:27:13,-0300,18048666,brunocovas,Bruno Covas,,"Inaceit√°veis, injustific√°vel e repugnantes as cenas de viol√™ncia em Porto Alegre. √â ineg√°vel o racismo.",pt,[],[],[],388,93,2527,[],[],https://twitter.com/brunocovas/status/1329763225777414144,False,,0,,,,,,,,[],,,,
1329631884259848192,1329631884259848192,2020-11-20 00:45:19 -03,2020-11-20,00:45:19,-0300,18048666,brunocovas,Bruno Covas,,N√£o vamos descansar enquanto n√£o conseguirmos melhorar a vida das pessoas na cidade. A minha cartilha √© da toler√¢ncia e do respeito √† diversidade. Vamos juntos. #todosporsaopaulo  https://t.co/9tUOK7Whm6,pt,[],[],['https://pbs.twimg.com/media/EnPNJhSW4AAU46V.jpg'],80,19,196,['todosporsaopaulo'],[],https://twitter.com/brunocovas/status/1329631884259848192,False,,1,https://pbs.twimg.com/media/EnPNJhSW4AAU46V.jpg,,,,,,,[],,,,
1329617576612270088,1329617575383281665,2020-11-19 23:48:28 -03,2020-11-19,23:48:28,-0300,18048666,brunocovas,Bruno Covas,,"a redu√ß√£o do prazo m√©dio para obten√ß√£o de exame de 85 para 35 dias, 25 mil unidades habitacionais viabilizadas, a renova√ß√£o de quase 50% da frota de √¥nibus. Mas eu n√£o estou satisfeito. Eu sei que ainda tem muito para ser feito em S√£o Paulo.‚Äù #debatenaband #todospors√£opaulo",pt,[],[],[],19,12,99,"['debatenaband', 'todospors√£opaulo']",[],https://twitter.com/brunocovas/status/1329617576612270088,False,,0,,,,,,,,[],,,,
1329617575383281665,1329617575383281665,2020-11-19 23:48:27 -03,2020-11-19,23:48:27,-0300,18048666,brunocovas,Bruno Covas,,"‚ÄúHoje foi poss√≠vel falar sobre as a√ß√µes realizadas nesses √∫ltimos 4 anos. A√ß√µes que me enchem de orgulho, como os 12 novos CEUs, as 85 mil novas vagas em creche, a melhoria da nota do IDEB, 8 novos hospital, 17 novas UPAS, +",pt,[],[],[],50,23,206,[],[],https://twitter.com/brunocovas/status/1329617575383281665,False,,0,,,,,,,,[],,,,
1329616339812683776,1329616339812683776,2020-11-19 23:43:33 -03,2020-11-19,23:43:33,-0300,18048666,brunocovas,Bruno Covas,,‚ÄúReverter o processo de conveniamento √© um retrocesso em S√£o Paulo. Coloca em xeque o futuro das 300 mil crian√ßas que est√£o em creches conveniadas e os quase 40 mil profissionais que trabalham nessas creches aqui na cidade.‚Äù #debatenaband #todospors√£opaulo,pt,[],[],[],55,25,209,"['debatenaband', 'todospors√£opaulo']",[],https://twitter.com/brunocovas/status/1329616339812683776,False,,0,,,,,,,,[],,,,
1329613453988917250,1329613453988917250,2020-11-19 23:32:05 -03,2020-11-19,23:32:05,-0300,18048666,brunocovas,Bruno Covas,,‚Äú√â importante manter o n√≠vel do debate. Dizer que eu ‚Äòoriento [a PM] para o exterm√≠nio‚Äô √© uma figura de linguagem que n√£o vou tecer coment√°rios. N√£o condiz com o meu comportamento e com o meu hist√≥rico de respeito aos direitos humanos.‚Äù #debatenaband #todospors√£opaulo,pt,[],[],[],105,33,474,"['debatenaband', 'todospors√£opaulo']",[],https://twitter.com/brunocovas/status/1329613453988917250,False,,0,,,,,,,,[],,,,
1329611636433428480,1329611635263221760,2020-11-19 23:24:51 -03,2020-11-19,23:24:51,-0300,18048666,brunocovas,Bruno Covas,,Avan√ßamos muito e queremos avan√ßar muito mais na gera√ß√£o de emprego e renda na cidade.‚Äù #debatenaband #todospors√£opaulo,pt,[],[],[],17,12,83,"['debatenaband', 'todospors√£opaulo']",[],https://twitter.com/brunocovas/status/1329611636433428480,False,,0,,,,,,,,[],,,,
1329611635263221760,1329611635263221760,2020-11-19 23:24:51 -03,2020-11-19,23:24:51,-0300,18048666,brunocovas,Bruno Covas,,"‚ÄúRecentemente, S√£o Paulo bateu um recorde, com 978 alvar√°s da constru√ß√£o civil que projetam, para os pr√≥ximos anos, um investimento de R$ 73 bilh√µes e gera√ß√£o de 1,7 milh√£o de empregos diretos e indiretos.  +",pt,[],[],[],41,18,174,[],[],https://twitter.com/brunocovas/status/1329611635263221760,False,,0,,,,,,,,[],,,,
1329610916284026889,1329610916284026889,2020-11-19 23:22:00 -03,2020-11-19,23:22:00,-0300,18048666,brunocovas,Bruno Covas,,"‚ÄúN√≥s realizamos v√°rios mutir√µes do emprego, ampliamos os cursos de qualifica√ß√£o profissional e retomamos a capacidade de investimento da Prefeitura de S√£o Paulo. Reduzimos a burocracia no prazo de abertura de empresa e na obten√ß√£o de alvar√°.‚Äù #DebateNaBand #todospors√£opaulo",pt,[],[],[],45,19,125,"['debatenaband', 'todospors√£opaulo']",[],https://twitter.com/brunocovas/status/1329610916284026889,False,,0,,,,,,,,[],,,,
1329606106306539520,1329606106306539520,2020-11-19 23:02:53 -03,2020-11-19,23:02:53,-0300,18048666,brunocovas,Bruno Covas,,"‚ÄúAqui na cidade, temos seguido sempre a orienta√ß√£o da √°rea da vigil√¢ncia sanit√°ria e da sa√∫de. √â assim que n√≥s vamos continuar a enfrentar esse desafio. √â preciso experi√™ncia agora e no p√≥s-pandemia para gera√ß√£o de emprego e renda.‚Äù #DebateNaBand #todospors√£opaulo",pt,[],[],[],33,18,148,"['debatenaband', 'todospors√£opaulo']",[],https://twitter.com/brunocovas/status/1329606106306539520,False,,0,,,,,,,,[],,,,
1329605677648666624,1329605677648666624,2020-11-19 23:01:11 -03,2020-11-19,23:01:11,-0300,18048666,brunocovas,Bruno Covas,,"""Vamos enviar √†s fam√≠lias uma complementa√ß√£o por conta da redu√ß√£o do aux√≠lio emergencial. Estamos definindo o meio de pagamento, mas a lei j√° foi sancionada."" #DebateNaBand #todospors√£opaulo",pt,[],[],[],76,24,223,"['debatenaband', 'todospors√£opaulo']",[],https://twitter.com/brunocovas/status/1329605677648666624,False,,0,,,,,,,,[],,,,
1329604734966259713,1329604733674414081,2020-11-19 22:57:26 -03,2020-11-19,22:57:26,-0300,18048666,brunocovas,Bruno Covas,,Mas n√£o h√° nenhum n√∫mero em S√£o Paulo que aponte qualquer necessidade de lockdown aqui na nossa cidade.‚Äù #DebateNaBand #todosporsaopaulo,pt,[],[],[],13,15,101,"['debatenaband', 'todosporsaopaulo']",[],https://twitter.com/brunocovas/status/1329604734966259713,False,,0,,,,,,,,[],,,,
1329604733674414081,1329604733674414081,2020-11-19 22:57:26 -03,2020-11-19,22:57:26,-0300,18048666,brunocovas,Bruno Covas,,"‚ÄúAqui n√£o h√° espa√ßo para qualquer tipo de fake news, de que passada a elei√ß√£o, vai haver lockdown em S√£o Paulo. N√≥s vamos continuar a tratar a realidade da pandemia de acordo com a orienta√ß√£o da ci√™ncia. +",pt,[],[],[],62,23,223,[],[],https://twitter.com/brunocovas/status/1329604733674414081,False,,0,,,,,,,,[],,,,
1329602302827749377,1329602302827749377,2020-11-19 22:47:46 -03,2020-11-19,22:47:46,-0300,18048666,brunocovas,Bruno Covas,,"Desde o primeiro instante da pandemia, a Prefeitura tem seguido as recomenda√ß√µes da vigil√¢ncia sanit√°ria. E √© assim que n√≥s vamos continuar. Sem partidarizar essa quest√£o. Vamos enfrentar essa realidade com seriedade. #DebateNaBand #todosporsaopaulo",pt,[],[],[],50,27,233,"['debatenaband', 'todosporsaopaulo']",[],https://twitter.com/brunocovas/status/1329602302827749377,False,,0,,,,,,,,[],,,,
1329601366076104707,1329601366076104707,2020-11-19 22:44:03 -03,2020-11-19,22:44:03,-0300,18048666,brunocovas,Bruno Covas,,"O momento agora √© de uni√£o e de buscar forma√ß√£o de consenso. Ofere√ßo a minha experi√™ncia como gestor, Deputado Estadual, Deputado Federal e Prefeito da cidade de S√£o Paula para que a gente possa seguir avan√ßando. #DebateNaBand #todospors√£opaulo",pt,[],[],[],64,32,191,"['debatenaband', 'todospors√£opaulo']",[],https://twitter.com/brunocovas/status/1329601366076104707,False,,0,,,,,,,,[],,,,
1329600936688242688,1329600936688242688,2020-11-19 22:42:20 -03,2020-11-19,22:42:20,-0300,18048666,brunocovas,Bruno Covas,,"""Fomos os campe√µes em todos os distritos eleitorais de S√£o Paulo. Mostrando a forma pela qual n√≥s governamos, para todos. Sem nenhuma distin√ß√£o."" #DebateNaBand #todospors√£opaulo",pt,[],[],[],100,25,210,"['debatenaband', 'todospors√£opaulo']",[],https://twitter.com/brunocovas/status/1329600936688242688,False,,0,,,,,,,,[],,,,
1329600804135776260,1329600804135776260,2020-11-19 22:41:49 -03,2020-11-19,22:41:49,-0300,18048666,brunocovas,Bruno Covas,,"‚ÄúEscolhemos o jeito dif√≠cil de fazer pol√≠tica, que √© falando a verdade, somente com responsabilidade √© poss√≠vel seguir avan√ßando‚Äù #DebateNaBand #TodosPorS√£oPaulo",pt,[],[],[],168,61,652,"['debatenaband', 'todospors√£opaulo']",[],https://twitter.com/brunocovas/status/1329600804135776260,False,,0,,,,,,,,[],,,,
1329496385935302657,1329485972006965255,2020-11-19 15:46:53 -03,2020-11-19,15:46:53,-0300,18048666,brunocovas,Bruno Covas,,@joicehasselmann @GuilhermeBoulos Agrade√ßo o apoio e a confian√ßa @joicehasselmann. Todos por S√£o Paulo.,pt,"[{'screen_name': 'joicehasselmann', 'name': 'joice hasselmann', 'id': '116519514'}]",[],[],36,2,111,[],[],https://twitter.com/brunocovas/status/1329496385935302657,False,,0,,,,,,,,"[{'screen_name': 'joicehasselmann', 'name': 'Joice Hasselmann', 'id': '116519514'}, {'screen_name': 'GuilhermeBoulos', 'name': 'Guilherme Boulos 50', 'id': '762402774260875265'}]",,,,
1329426767845740544,1329422957983174657,2020-11-19 11:10:15 -03,2020-11-19,11:10:15,-0300,18048666,brunocovas,Bruno Covas,,"@PSDSPcapital Agrade√ßo o apoio e a confian√ßa. Vamos juntos, com for√ßa, foco e f√©. Todos por S√£o Paulo.",pt,[],[],[],13,4,32,[],[],https://twitter.com/brunocovas/status/1329426767845740544,False,,0,,,,,,,,"[{'screen_name': 'PSDSPcapital', 'name': 'PSD S√£o Paulo', 'id': '2870559784'}]",,,,
1329193919628730369,1329193919628730369,2020-11-18 19:45:00 -03,2020-11-18,19:45:00,-0300,18048666,brunocovas,Bruno Covas,,Vote. N√£o abra m√£o do seu direito. Seu voto muda e faz S√£o Paulo avan√ßar. Vote 45! #todosporsaopaulo  https://t.co/WeSr74DUa9,pt,[],[],[],206,51,450,['todosporsaopaulo'],[],https://twitter.com/brunocovas/status/1329193919628730369,False,,1,https://pbs.twimg.com/ext_tw_video_thumb/1329171562562465797/pu/img/6IoonjUTVOvCBap2.jpg,,,,,,,[],,,,
1329178819987730432,1329178819987730432,2020-11-18 18:45:00 -03,2020-11-18,18:45:00,-0300,18048666,brunocovas,Bruno Covas,,Toda nossa campanha tem sido baseada na verdade. N√≥s n√£o vendemos ilus√£o. √â assim que temos trabalhado em toda nossa gest√£o e √© nisso que confiamos para continuar trabalhando bem ao longo dos pr√≥ximos quatro anos.,pt,[],[],[],479,129,2237,[],[],https://twitter.com/brunocovas/status/1329178819987730432,False,,0,,,,,,,,[],,,,
1328854317508546562,1328854317508546562,2020-11-17 21:15:32 -03,2020-11-17,21:15:32,-0300,18048666,brunocovas,Bruno Covas,,Obrigado @ViniciusPoit. Todos Por S√£o Paulo.,pt,"[{'screen_name': 'viniciuspoit', 'name': 'vinicius poit', 'id': '110858508'}]",[],[],90,12,318,[],[],https://twitter.com/brunocovas/status/1328854317508546562,False,https://twitter.com/ViniciusPoit/status/1328842502263148545,0,,,,,,,,[],,,,
1328817728086487043,1328147490802184192,2020-11-17 18:50:09 -03,2020-11-17,18:50:09,-0300,18048666,brunocovas,Bruno Covas,,"@felipeneto ""Sou um subversivo dentro do meu partido"" - M√°rio Covas.",pt,[],[],[],200,22,644,[],[],https://twitter.com/brunocovas/status/1328817728086487043,False,,0,,,,,,,,"[{'screen_name': 'felipeneto', 'name': 'Felipe Neto üáßüá∑üè¥', 'id': '14128609'}]",,,,
1328816431803346945,1328816431803346945,2020-11-17 18:45:00 -03,2020-11-17,18:45:00,-0300,18048666,brunocovas,Bruno Covas,,"Democracia. Igualdade. Liberdade. Diversidade. Oportunidade. Vote 45! For√ßa, foco &amp; f√©. #todosporsaopaulo  https://t.co/wpMrmcSLVH",pt,[],[],[],622,77,623,['todosporsaopaulo'],[],https://twitter.com/brunocovas/status/1328816431803346945,False,,1,https://pbs.twimg.com/ext_tw_video_thumb/1328803733518635008/pu/img/yQdBjD-fpB9Lb87y.jpg,,,,,,,[],,,,
1328816011408257025,1328816011408257025,2020-11-17 18:43:19 -03,2020-11-17,18:43:19,-0300,18048666,brunocovas,Bruno Covas,,Obrigado pelo apoio @hoc111! Todos por S√£o Paulo.,pt,"[{'screen_name': 'hoc111', 'name': 'heni ozi cukier', 'id': '53232912'}]",[],[],34,12,269,[],[],https://twitter.com/brunocovas/status/1328816011408257025,False,https://twitter.com/hoc111/status/1328808455096963073,0,,,,,,,,[],,,,
1328795276304396293,1328147490802184192,2020-11-17 17:20:56 -03,2020-11-17,17:20:56,-0300,18048666,brunocovas,Bruno Covas,,"@felipeneto @felipeneto admiro seu trabalho mas acho que voc√™ n√£o conhece minha trajet√≥ria. N√£o votei em Bolsonaro. Convido voc√™ a conhecer meu programa de governo para ver nossas propostas que priorizam o combate √†s desigualdades, o respeito √† diversidade e a defesa dos direitos humanos.",pt,[],[],[],418,105,2441,[],[],https://twitter.com/brunocovas/status/1328795276304396293,False,,0,,,,,,,,"[{'screen_name': 'felipeneto', 'name': 'Felipe Neto üáßüá∑üè¥', 'id': '14128609'}]",,,,
1328509140210233347,1328359942693277697,2020-11-16 22:23:56 -03,2020-11-16,22:23:56,-0300,18048666,brunocovas,Bruno Covas,,"@wcasagrandejr Al√©m de a√ß√µes de seguran√ßa para reprimir o tr√°fico. D√° uma olhada na hist√≥ria do Danilo, que tem 35 anos, se tratou em um CAPS, arrumou um emprego no Programa Opera√ß√£o Trabalho ‚Äì POT, tamb√©m criado pela nossa gest√£o, e est√° vencendo essa batalha:  https://t.co/HQMtw5PHyF",pt,[],['https://www.covas45.com.br/para-a-prefeitura-de-sao-paulo-toda-vida-importa'],[],28,4,142,[],[],https://twitter.com/brunocovas/status/1328509140210233347,False,,0,,,,,,,,"[{'screen_name': 'wcasagrandejr', 'name': 'Walter Casagrande Jr', 'id': '197453955'}]",,,,
1328509052377309184,1328359942693277697,2020-11-16 22:23:35 -03,2020-11-16,22:23:35,-0300,18048666,brunocovas,Bruno Covas,,"@wcasagrandejr Destas, 31 s√£o CAPS AD, espec√≠ficos para acompanhamento m√©dico de usu√°rios.  J√° a quest√£o da Cracol√¢ndia √© ainda mais sens√≠vel. Acredito em uma abordagem integrada e interdisciplinar, com acolhimento, oferta de alimenta√ß√£o, assist√™ncia m√©dica e reinser√ß√£o no mercado de trabalho +",pt,[],[],[],15,6,131,[],[],https://twitter.com/brunocovas/status/1328509052377309184,False,,0,,,,,,,,"[{'screen_name': 'wcasagrandejr', 'name': 'Walter Casagrande Jr', 'id': '197453955'}]",,,,
1328508972245069824,1328359942693277697,2020-11-16 22:23:16 -03,2020-11-16,22:23:16,-0300,18048666,brunocovas,Bruno Covas,,"@wcasagrandejr A interna√ß√£o hospitalar tamb√©m √© uma das possibilidades. Outra √© o encaminhamento dessas pessoas para um dos Centros de Aten√ß√£o Psicossocial ‚Äì CAPS da Prefeitura. Na nossa gest√£o, fizemos 12 CAPs, chegando a 95 unidades espalhadas na cidade.",pt,[],[],[],11,4,176,[],[],https://twitter.com/brunocovas/status/1328508972245069824,False,,0,,,,,,,,"[{'screen_name': 'wcasagrandejr', 'name': 'Walter Casagrande Jr', 'id': '197453955'}]",,,,
1328508910509187073,1328359942693277697,2020-11-16 22:23:01 -03,2020-11-16,22:23:01,-0300,18048666,brunocovas,Bruno Covas,,"@wcasagrandejr Para isso, criamos o Programa Reden√ß√£o, com 8 Servi√ßos Integrados de Acolhida Terap√™utica em diversas regi√µes da cidade, que oferecem diversos tipos de tratamentos para dependentes qu√≠micos, respeitando a necessidade de cada um deles. Foram realizados 2,9 milh√µes de atendimentos.",pt,[],[],[],15,5,213,[],[],https://twitter.com/brunocovas/status/1328508910509187073,False,,0,,,,,,,,"[{'screen_name': 'wcasagrandejr', 'name': 'Walter Casagrande Jr', 'id': '197453955'}]",,,,
1328508760118210560,1328359942693277697,2020-11-16 22:22:25 -03,2020-11-16,22:22:25,-0300,18048666,brunocovas,Bruno Covas,,"@wcasagrandejr Sei que o problema da depend√™ncia ‚Äì seja de √°lcool ou drogas ‚Äì afeta muitas pessoas, destr√≥i vidas e fam√≠lias. E √© muito importante que a Prefeitura ajude a enfrentar esse desafio.",pt,[],[],[],29,7,248,[],[],https://twitter.com/brunocovas/status/1328508760118210560,False,,0,,,,,,,,"[{'screen_name': 'wcasagrandejr', 'name': 'Walter Casagrande Jr', 'id': '197453955'}]",,,,
1328508705508364291,1328359942693277697,2020-11-16 22:22:12 -03,2020-11-16,22:22:12,-0300,18048666,brunocovas,Bruno Covas,,"@wcasagrandejr Boa noite, Cas√£o! Obrigado pela pergunta. Fica aqui minha admira√ß√£o pelo jogador, comentarista e, principalmente, pelo cidad√£o que √©. Reconhe√ßo sua coragem e seu testemunho pessoal.",pt,[],[],[],71,14,495,[],[],https://twitter.com/brunocovas/status/1328508705508364291,False,,0,,,,,,,,"[{'screen_name': 'wcasagrandejr', 'name': 'Walter Casagrande Jr', 'id': '197453955'}]",,,,
1328172314463186945,1328172314463186945,2020-11-16 00:05:30 -03,2020-11-16,00:05:30,-0300,18048666,brunocovas,Bruno Covas,,"Obrigado, S√£o Paulo. A experi√™ncia e a esperan√ßa venceram os radicais no primeiro turno. A experi√™ncia e a esperan√ßa tamb√©m vencer√£o no segundo turno. Juntos, com for√ßa, foco e f√©, seremos vitoriosos. #todosporsaopaulo",pt,[],[],[],682,134,2137,['todosporsaopaulo'],[],https://twitter.com/brunocovas/status/1328172314463186945,False,,0,,,,,,,,[],,,,
1327807213717626882,1327807211448520704,2020-11-14 23:54:43 -03,2020-11-14,23:54:43,-0300,18048666,brunocovas,Bruno Covas,,"√â por isso que eu tenho confian√ßa que a popula√ß√£o vai votar 45 amanh√£. Vamos juntos, com for√ßa, foco e f√©. #todosporsaopaulo",pt,[],[],[],61,12,210,['todosporsaopaulo'],[],https://twitter.com/brunocovas/status/1327807213717626882,False,,0,,,,,,,,[],,,,
1327807212601958401,1327807211448520704,2020-11-14 23:54:43 -03,2020-11-14,23:54:43,-0300,18048666,brunocovas,Bruno Covas,,"Mas eu sei que ainda h√° muito a se fazer na cidade. Para os pr√≥ximos 4 anos, temos grandes desafios na √°rea do emprego, na √°rea da sa√∫de, na √°rea da educa√ß√£o. Eu me sinto preparado para poder enfrentar esse desafio e a gente vai avan√ßar ainda mais com seguran√ßa e justi√ßa social.+",pt,[],[],[],42,10,206,[],[],https://twitter.com/brunocovas/status/1327807212601958401,False,,0,,,,,,,,[],,,,
1327807211448520704,1327807211448520704,2020-11-14 23:54:43 -03,2020-11-14,23:54:43,-0300,18048666,brunocovas,Bruno Covas,,"Amanh√£ √© dia de exercer seu direito ao voto. Nosso projeto √© de uma mudan√ßa segura, baseada no que conquistamos at√© agora, mas sem medo de avan√ßarmos sempre. Eu me orgulho muito de tudo aquilo que fizemos em S√£o Paulo.+",pt,[],[],[],307,22,653,[],[],https://twitter.com/brunocovas/status/1327807211448520704,False,,0,,,,,,,,[],,,,
1327397079522574338,1327397079522574338,2020-11-13 20:45:00 -03,2020-11-13,20:45:00,-0300,18048666,brunocovas,Bruno Covas,,√â com responsabilidade fiscal que se faz justi√ßa social. √â ter a certeza do or√ßamento para investir na redu√ß√£o de desigualdade. Somente assim podemos oferecer oportunidades para quem mais precisa.,pt,[],[],[],1100,40,656,[],[],https://twitter.com/brunocovas/status/1327397079522574338,False,,0,,,,,,,,[],,,,
1327019609678024704,1327019609678024704,2020-11-12 19:45:04 -03,2020-11-12,19:45:04,-0300,18048666,brunocovas,Bruno Covas,,"Eu, como Prefeito, sei que tenho um papel importante na vida das pessoas. √â preciso estender a m√£o, proteger, cuidar e oferecer novas oportunidades a quem mais precisa. Esse sempre foi o foco da minha gest√£o: ajudar as pessoas, ajudar quem tem seus direitos mais b√°sicos negados.",pt,[],[],[],5090,90,1186,[],[],https://twitter.com/brunocovas/status/1327019609678024704,False,,0,,,,,,,,[],,,,
1325222850027008000,1325222850027008000,2020-11-07 20:45:23 -03,2020-11-07,20:45:23,-0300,18048666,brunocovas,Bruno Covas,,Investir em infraestrutura √© melhorar a vida das pessoas. √â promover bem-estar. Os 15 novos piscin√µes entregues e os 14 que est√£o por vir promovem qualidade de vida para a popula√ß√£o.,pt,[],[],[],439,18,295,[],[],https://twitter.com/brunocovas/status/1325222850027008000,False,,0,,,,,,,,[],,,,
1324482877287919617,1324482877287919617,2020-11-05 19:45:00 -03,2020-11-05,19:45:00,-0300,18048666,brunocovas,Bruno Covas,,"S√£o Paulo √© a capital da diversidade. Ela acolhe e tem que garantir a todos seus direitos fundamentais. Todos os cidad√£os devem ter seus direitos garantidos, independente da ra√ßa, sexo, nacionalidade, religi√£o ou qualquer outra condi√ß√£o. Essa √© a ess√™ncia da democracia.",pt,[],[],[],485,26,488,[],[],https://twitter.com/brunocovas/status/1324482877287919617,False,,0,,,,,,,,[],,,,
1324120489233653762,1324120489233653762,2020-11-04 19:45:00 -03,2020-11-04,19:45:00,-0300,18048666,brunocovas,Bruno Covas,,"Trabalho, emprego, renda e empreendedorismo s√£o prioridades absolutas da nossa gest√£o. A Prefeitura tem trabalhado para aumentar as oportunidades na nossa cidade. Vamos ampliar o Renda M√≠nima Municipal, investir em capacita√ß√£o e na recoloca√ß√£o das pessoas no mercado de trabalho.",pt,[],[],[],1470,27,303,[],[],https://twitter.com/brunocovas/status/1324120489233653762,False,,0,,,,,,,,[],,,,
1323743029145063430,1323743029145063430,2020-11-03 18:45:06 -03,2020-11-03,18:45:06,-0300,18048666,brunocovas,Bruno Covas,,Estupro culposo? Isso n√£o existe na lei. Um absurdo. #justicapormariferrer #Estuproculposonaoexiste  https://t.co/4TxxNrPhCT,pt,[],[],['https://pbs.twimg.com/media/El7hMMBXIAYwcTs.jpg'],98,56,606,"['justicapormariferrer', 'estuproculposonaoexiste']",[],https://twitter.com/brunocovas/status/1323743029145063430,False,,1,https://pbs.twimg.com/media/El7hMMBXIAYwcTs.jpg,,,,,,,[],,,,
1323380614133960704,1323380614133960704,2020-11-02 18:45:00 -03,2020-11-02,18:45:00,-0300,18048666,brunocovas,Bruno Covas,,"A pandemia mudou muito a nossa vida. Trouxe muitos desafios. Hoje √© dia de homenagear aqueles que se foram, abra√ßar quem perdeu algu√©m querido e agradecer aos profissionais da sa√∫de que lutam diariamente pela vida. Em S√£o Paulo, a vida vem em primeiro lugar",pt,[],[],[],659,29,439,[],[],https://twitter.com/brunocovas/status/1323380614133960704,False,,0,,,,,,,,[],,,,
1323018225970368513,1323018225970368513,2020-11-01 18:45:00 -03,2020-11-01,18:45:00,-0300,18048666,brunocovas,Bruno Covas,,Sa√∫de em todos os cantos da cidade. Essa sempre foi a nossa vis√£o. A entrega das 17 novas UPAs at√© o final do ano nos possibilitar√° cuidar da popula√ß√£o em todos os momentos da vida. Com agilidade e efici√™ncia na presta√ß√£o do servi√ßo.,pt,[],[],[],176,19,225,[],[],https://twitter.com/brunocovas/status/1323018225970368513,False,,0,,,,,,,,[],,,,
1322655838272548864,1322655838272548864,2020-10-31 18:45:00 -03,2020-10-31,18:45:00,-0300,18048666,brunocovas,Bruno Covas,,"Transporte e mobilidade s√£o nossas prioridades. Os novos corredores e terminais, o transporte hidrovi√°rio na Represa Billings, a renova√ß√£o de 50% da frota de √¥nibus com Wi-Fi e ar condicionado e a amplia√ß√£o da ciclovias s√£o exemplos de como estamos caminhando na dire√ß√£o certa.",pt,[],[],[],232,15,222,[],[],https://twitter.com/brunocovas/status/1322655838272548864,False,,0,,,,,,,,[],,,,
1320858998325784576,1320858998325784576,2020-10-26 19:45:00 -03,2020-10-26,19:45:00,-0300,18048666,brunocovas,Bruno Covas,,"S√£o Paulo precisa de cuidado. Estamos trabalhando firme nisso. Nossa cidade merece estar organizada, limpa e agrad√°vel. E nossa popula√ß√£o precisa ser bem tratada e ter acesso a oportunidades de vida cada vez melhores.",pt,[],[],[],325,21,294,[],[],https://twitter.com/brunocovas/status/1320858998325784576,False,,0,,,,,,,,[],,,,
1320783834074488834,1320783834074488834,2020-10-26 14:46:19 -03,2020-10-26,14:46:19,-0300,18048666,brunocovas,Bruno Covas,,"Obrigado, @flowpdc. Agora voc√™s sabem que ser prefeito de S√£o Paulo √© ser um sindico que cuida de 12 milh√µes de pessoas. Agrade√ßo as risadas e o bate papo com @monark  e @igor_3k   For√ßa, foco &amp; f√©. #todosporsaopaulo  https://t.co/CNLMGhznub",pt,"[{'screen_name': 'flowpdc', 'name': 'flow podcast', 'id': '1188910076037345280'}, {'screen_name': 'monark', 'name': '‚ôî monark', 'id': '242967720'}, {'screen_name': 'igor_3k', 'name': 'igor baforada braba', 'id': '2779094552'}]",[],['https://pbs.twimg.com/media/ElRdr5YXIAIdh0L.jpg'],101,12,386,['todosporsaopaulo'],[],https://twitter.com/brunocovas/status/1320783834074488834,False,,1,https://pbs.twimg.com/media/ElRdr5YXIAIdh0L.jpg,,,,,,,[],,,,
1320496623550607360,1320496623550607360,2020-10-25 19:45:03 -03,2020-10-25,19:45:03,-0300,18048666,brunocovas,Bruno Covas,,"Ajudar quem mais precisa e ser solid√°rios. Renovar nossas esperan√ßas. Nesse momento, ter f√© √© acreditar em dias melhores. Vamos cuidar uns dos outros, respeitar a ci√™ncia e enfrentar os desafios que o momento imp√µe. Que tenhamos todos uma semana de trabalho e realiza√ß√µes.",pt,[],[],[],210,26,287,[],[],https://twitter.com/brunocovas/status/1320496623550607360,False,,0,,,,,,,,[],,,,
1320134292920504322,1320134292920504322,2020-10-24 19:45:16 -03,2020-10-24,19:45:16,-0300,18048666,brunocovas,Bruno Covas,,"S√£o Paulo tem que estar √† frente das iniciativas de meio ambiente e se posicionar como uma cidade que enfrenta os problemas ambientais. Foram mais de 170 mil √°rvores plantadas e tr√™s novos parques. S√£o Paulo quer mais parques, mais √°rvores, quer uma vida melhor. For√ßa, foco &amp; f√©.",pt,[],[],[],251,20,296,[],[],https://twitter.com/brunocovas/status/1320134292920504322,False,,0,,,,,,,,[],,,,
1319667076232085506,1319667076232085506,2020-10-23 12:48:43 -03,2020-10-23,12:48:43,-0300,18048666,brunocovas,Bruno Covas,,"Voc√™ sabe a diferen√ßa entre concess√£o e privatiza√ß√£o? No #CovasExplica de hoje, vamos abordar um pouco deste tema, os benef√≠cios trazidos pelas parceiras com empresas, o que n√≥s j√° fizemos e faremos utilizando esses mecanismos de gest√£o. For√ßa, foco &amp; f√©. #todosporsaopaulo  https://t.co/3q38HF0iaB",pt,[],[],[],131,18,205,"['covasexplica', 'todosporsaopaulo']",[],https://twitter.com/brunocovas/status/1319667076232085506,False,,1,https://pbs.twimg.com/ext_tw_video_thumb/1319666461300936704/pu/img/5blm28bWkYejDIeh.jpg,,,,,,,[],,,,
1319394382127222784,1319394382127222784,2020-10-22 18:45:08 -03,2020-10-22,18:45:08,-0300,18048666,brunocovas,Bruno Covas,,√â miss√£o da Prefeitura realizar e apoiar projetos que incorporem atividades f√≠sicas a vida dos paulistanos. Em 2019 fizemos a maior edi√ß√£o da Virada Esportiva da hist√≥ria com milhares de atra√ß√µes por toda cidade. O impacto do esporte √© sempre positivo na vida das pessoas.,pt,[],[],[],102,16,204,[],[],https://twitter.com/brunocovas/status/1319394382127222784,False,,0,,,,,,,,[],,,,
1318669572073877504,1318669572073877504,2020-10-20 18:45:00 -03,2020-10-20,18:45:00,-0300,18048666,brunocovas,Bruno Covas,,"O paulistano √© exigente, quer servi√ßos p√∫blicos cada vez melhores. Como prefeitura, temos obriga√ß√£o de oferecer esses servi√ßos. Tudo de forma moderna, sempre priorizando quem mais precisa da prote√ß√£o e cuidado. Tudo de forma transparente, eficiente e √°gil.",pt,[],[],[],516,33,314,[],[],https://twitter.com/brunocovas/status/1318669572073877504,False,,0,,,,,,,,[],,,,
1318322582811279360,1318322582811279360,2020-10-19 19:46:11 -03,2020-10-19,19:46:11,-0300,18048666,brunocovas,Bruno Covas,,"Educa√ß√£o √© sin√¥nimo de oportunidade. Com ela podemos promover inclus√£o e igualdade. N√≥s zeramos a fila da pr√©-escola, fomos a primeira capital do pa√≠s a matricular ao menos 50% das crian√ßas de 0 a 3 anos em creches e entregaremos 12 novos CEUs. Em S√£o Paulo, toda crian√ßa importa.",pt,[],[],[],128,24,184,[],[],https://twitter.com/brunocovas/status/1318322582811279360,False,,0,,,,,,,,[],,,,
1317945200950628352,1317945176845856778,2020-10-18 18:46:36 -03,2020-10-18,18:46:36,-0300,18048666,brunocovas,Bruno Covas,,"Meu agradecimento a todos os profissionais de sa√∫de. Escolhi homenagear uma m√©dica guerreira, que vem sendo o s√≠mbolo aqui em S√£o Paulo no combate ao coronav√≠rus e a luta por um SUS cada vez mais forte. Dra. Edjane Torre√£o, toda a nossa gratid√£o.",pt,[],[],[],31,6,73,[],[],https://twitter.com/brunocovas/status/1317945200950628352,False,,0,,,,,,,,[],,,,
1317945176845856778,1317945176845856778,2020-10-18 18:46:31 -03,2020-10-18,18:46:31,-0300,18048666,brunocovas,Bruno Covas,,Hoje √© Dia do M√©dico. Esses profissionais t√£o essenciais para a sociedade e que cumprem um papel t√£o decisivo e heroico no combate a pandemia. +,pt,[],[],[],51,7,104,[],[],https://twitter.com/brunocovas/status/1317945176845856778,False,,0,,,,,,,,[],,,,
1316451591742992384,1316451591742992384,2020-10-14 15:51:32 -03,2020-10-14,15:51:32,-0300,18048666,brunocovas,Bruno Covas,,Eu topo @esuplicy! Topa colocar na pauta @EduardoTuma?,pt,"[{'screen_name': 'esuplicy', 'name': 'eduardo suplicy', 'id': '69373037'}, {'screen_name': 'eduardotuma', 'name': 'eduardo tuma', 'id': '54201645'}]",[],[],108,14,164,[],[],https://twitter.com/brunocovas/status/1316451591742992384,False,,0,,,,,,,,[],,,,
1316178401628237825,1316178401628237825,2020-10-13 21:45:59 -03,2020-10-13,21:45:59,-0300,18048666,brunocovas,Bruno Covas,,"Sempre cuidei sozinho das minhas redes sociais e escolhi o Instagram como principal rede para mostrar tudo o que fazemos por S√£o Paulo. Hoje, com uma equipe me ajudando, pude expandir e mostrar em todas as redes sociais as nossas conquistas, realiza√ß√µes e propostas.  https://t.co/pzNM7IxK2z",pt,[],[],[],174,35,338,[],[],https://twitter.com/brunocovas/status/1316178401628237825,False,,1,https://pbs.twimg.com/ext_tw_video_thumb/1316178266479263744/pu/img/lUiJlvCP208wOdnT.jpg,,,,,,,[],,,,
1316072459725017088,1316072459725017088,2020-10-13 14:45:00 -03,2020-10-13,14:45:00,-0300,18048666,brunocovas,Bruno Covas,,"Mobilidade √© um dos temas mais importantes em S√£o Paulo. Com a inaugura√ß√£o dos novos terminais, a renova√ß√£o da frota em 40%, a acessibilidade presente em todos os √¥nibus, as novas op√ß√µes de recarga do Bilhete √önico e a expans√£o das ciclovias, vamos melhorar a vida do paulistano.",pt,[],[],[],110,19,140,[],[],https://twitter.com/brunocovas/status/1316072459725017088,False,,0,,,,,,,,[],,,,
1313158937332666370,1313158937332666370,2020-10-05 13:47:42 -03,2020-10-05,13:47:42,-0300,18048666,brunocovas,Bruno Covas,,"For√ßa, foco &amp; f√©.  Eu carrego esse lema na minha vida. N√£o h√° vit√≥ria sem sacrif√≠cios, e por isso busco for√ßa para combater todos os dias, com foco para fazer o que precisa ser feito e f√© para acreditar nos sonhos e manter a esperan√ßa no futuro. for√ßa, foco &amp; f√©.#todosporsaopaulo  https://t.co/EjVNC7BYSL",pt,[],[],[],181,35,203,['todosporsaopaulo'],[],https://twitter.com/brunocovas/status/1313158937332666370,False,,1,https://pbs.twimg.com/ext_tw_video_thumb/1313158700299890688/pu/img/gudpo72yfFvbYvF8.jpg,,,,,,,[],,,,
1312494786016763905,1312493936116523009,2020-10-03 17:48:36 -03,2020-10-03,17:48:36,-0300,18048666,brunocovas,Bruno Covas,,"Milhares de pessoas ser√£o tamb√©m beneficiadas pelo novo corredor que ser√° entregue em Itaquera e pelo BRT, √¥nibus de transporte r√°pido, que vai operar na Avenida Aricanduva, integrado ao metr√¥. Mais agilidade e conforto para as pessoas. For√ßa, foco &amp; f√©. #todosporsaopaulo",pt,[],[],[],27,9,65,['todosporsaopaulo'],[],https://twitter.com/brunocovas/status/1312494786016763905,False,,0,,,,,,,,[],,,,
1312494567652954113,1312493936116523009,2020-10-03 17:47:44 -03,2020-10-03,17:47:44,-0300,18048666,brunocovas,Bruno Covas,,"Com a nova concess√£o dos √¥nibus, a capacidade de atendimento vai aumentar 10%. Milhares de pessoas ser√£o tamb√©m beneficiadas pelo novo corredor que ser√° entregue em Itaquera e pelo BRT, √¥nibus de transporte r√°pido, que vai operar na Avenida Aricanduva, integrado ao metr√¥.  +",pt,[],[],[],31,11,69,[],[],https://twitter.com/brunocovas/status/1312494567652954113,False,,0,,,,,,,,[],,,,
1312493936116523009,1312493936116523009,2020-10-03 17:45:13 -03,2020-10-03,17:45:13,-0300,18048666,brunocovas,Bruno Covas,,"S√£o Paulo Mais √Ågil. Nesta gest√£o n√≥s conseguimos renovar mais de 40% da frota de √¥nibus da cidade, com 5.700 novos ve√≠culos. +",pt,[],[],[],94,18,135,[],[],https://twitter.com/brunocovas/status/1312493936116523009,False,,0,,,,,,,,[],,,,
1312085590205239296,1312085442687389701,2020-10-02 14:42:36 -03,2020-10-02,14:42:36,-0300,18048666,brunocovas,Bruno Covas,,"Quanto mais educa√ß√£o, melhor. Esta sempre foi a nossa vis√£o. For√ßa, foco &amp; f√©. #todosporsaopaulo",pt,[],[],[],41,10,64,['todosporsaopaulo'],[],https://twitter.com/brunocovas/status/1312085590205239296,False,,0,,,,,,,,[],,,,
1312085540737634306,1312085442687389701,2020-10-02 14:42:24 -03,2020-10-02,14:42:24,-0300,18048666,brunocovas,Bruno Covas,,"As m√£es que cumprirem o pr√©-natal no Programa M√£e Paulistana ter√£o vaga para o filho garantida em creche e quem hoje espera por vaga tamb√©m vai ser atendido, inclusive em escolas filantr√≥picas e particulares. A fila de espera vai ser zerada.  Toda Crian√ßa Importa.  +",pt,[],[],[],14,13,58,[],[],https://twitter.com/brunocovas/status/1312085540737634306,False,,0,,,,,,,,[],,,,
1312085442687389701,1312085442687389701,2020-10-02 14:42:01 -03,2020-10-02,14:42:01,-0300,18048666,brunocovas,Bruno Covas,,S√£o Paulo alcan√ßou a menor fila por vagas em creche da hist√≥ria. Foi a primeira metr√≥pole do Pa√≠s ‚Äì e com seis anos de anteced√™ncia ‚Äì a atingir a meta de colocar metade das crian√ßas de at√© 3 anos matriculadas em creches.  Mas n√£o pararemos por a√≠.  ++,pt,[],[],[],61,20,125,[],[],https://twitter.com/brunocovas/status/1312085442687389701,False,,0,,,,,,,,[],,,,
1311754178885300224,1311754014611169280,2020-10-01 16:45:42 -03,2020-10-01,16:45:42,-0300,18048666,brunocovas,Bruno Covas,,"Logo entrar√£o em pleno funcionamento, com a oferta de mais de 630 leitos.  Nossa luta √© por uma S√£o Paulo ainda mais justa para todos. For√ßa, foco &amp; f√©. #todosporsaopaulo",pt,[],[],[],8,6,42,['todosporsaopaulo'],[],https://twitter.com/brunocovas/status/1311754178885300224,False,,0,,,,,,,,[],,,,
1311754117623230483,1311754014611169280,2020-10-01 16:45:27 -03,2020-10-01,16:45:27,-0300,18048666,brunocovas,Bruno Covas,,"Os hospitais de Parelheiros e Brasil√¢ndia, aguardados h√° anos pelos paulistanos, j√° est√£o funcionando para atender os pacientes de COVID. +",pt,[],[],[],9,9,45,[],[],https://twitter.com/brunocovas/status/1311754117623230483,False,,0,,,,,,,,[],,,,
1311754014611169280,1311754014611169280,2020-10-01 16:45:02 -03,2020-10-01,16:45:02,-0300,18048666,brunocovas,Bruno Covas,,"Toda Vida Importa. Na maior expans√£o j√° vista da hist√≥ria de S√£o Paulo, oito novos hospitais est√£o entregues √† popula√ß√£o, com abertura de cerca de mil novos leitos permanentes. Vamos continuar levando mais sa√∫de para a popula√ß√£o em todos os cantos. +",pt,[],[],[],44,14,89,[],[],https://twitter.com/brunocovas/status/1311754014611169280,False,,0,,,,,,,,[],,,,
1311678854654824448,1311678520620449792,2020-10-01 11:46:23 -03,2020-10-01,11:46:23,-0300,18048666,brunocovas,Bruno Covas,,"Nosso programa de governo busca muito mais do que o cumprimento de obriga√ß√µes impostas pela legisla√ß√£o eleitoral. Ele busca o fortalecimento da democracia, da participa√ß√£o cidad√£ e do fazer pol√≠tico. Nossa vis√£o √© de quem gosta de S√£o Paulo e quer fazer muito mais pela cidade.",pt,[],[],[],56,13,82,[],[],https://twitter.com/brunocovas/status/1311678854654824448,False,,0,,,,,,,,[],,,,
